Name,Age,Salary,Position,Sex
Employee_1,60,82662,Engineer,F
Employee_2,50,42688,Consultant,F
Employee_3,36,55342,Manager,M
Employee_4,64,67157,Engineer,M
Employee_5,29,97863,Manager,F
Employee_6,42,82083,Developer,F
Employee_7,60,95733,Analyst,M
Employee_8,40,119045,Developer,M
Employee_9,44,64698,Engineer,F
Employee_10,32,110623,Manager,M
Employee_11,32,52671,Manager,M
Employee_12,45,55184,Consultant,M
Employee_13,57,72107,Manager,F
Employee_14,61,116202,Consultant,F
Employee_15,45,81663,Analyst,F
Employee_16,24,45708,Engineer,F
Employee_17,43,79811,Consultant,F
Employee_18,23,32811,Analyst,F
Employee_19,45,86250,Manager,F
Employee_20,51,102082,Manager,M
Employee_21,59,64754,Analyst,M
Employee_22,23,41411,Manager,M
Employee_23,42,32911,Analyst,M
Employee_24,54,97270,Consultant,M
Employee_25,33,113763,Consultant,M
Employee_26,43,38680,Analyst,M
Employee_27,46,114896,Consultant,F
Employee_28,48,113879,Consultant,F
Employee_29,63,101295,Consultant,M
Employee_30,49,118614,Developer,M
Employee_31,37,41111,Engineer,F
Employee_32,36,67504,Manager,M
Employee_33,24,31802,Developer,M
Employee_34,58,38155,Consultant,F
Employee_35,28,103656,Analyst,M
Employee_36,42,69384,Consultant,F
Employee_37,30,77254,Engineer,M
Employee_38,60,51918,Consultant,F
Employee_39,39,115981,Analyst,F
Employee_40,25,90713,Engineer,F
Employee_41,46,60306,Consultant,M
Employee_42,35,46646,Engineer,F
Employee_43,30,76843,Manager,M
Employee_44,47,46371,Manager,M
Employee_45,23,107371,Consultant,M
Employee_46,41,32049,Engineer,M
Employee_47,49,61616,Analyst,F
Employee_48,28,50932,Consultant,F
Employee_49,29,59855,Manager,M
Employee_50,56,91434,Manager,M
Employee_51,35,102694,Consultant,F
Employee_52,38,73016,Engineer,M
Employee_53,57,37400,Manager,F
Employee_54,61,72642,Engineer,M
Employee_55,25,45151,Manager,M
Employee_56,23,81407,Manager,F
Employee_57,27,96690,Developer,M
Employee_58,63,34499,Manager,F
Employee_59,25,36295,Analyst,M
Employee_60,50,89040,Consultant,M
Employee_61,39,42183,Consultant,M
Employee_62,47,59299,Engineer,F
Employee_63,55,42874,Manager,M
Employee_64,31,62711,Analyst,M
Employee_65,57,35539,Engineer,M
Employee_66,35,83351,Developer,M
Employee_67,52,91267,Engineer,F
Employee_68,36,78354,Engineer,F
Employee_69,29,32557,Manager,M
Employee_70,35,68360,Developer,F
Employee_71,44,112018,Engineer,M
Employee_72,61,32200,Analyst,M
Employee_73,42,98497,Analyst,M
Employee_74,37,76975,Consultant,F
Employee_75,39,51357,Developer,F
Employee_76,45,107505,Developer,F
Employee_77,47,32869,Consultant,F
Employee_78,46,91135,Engineer,F
Employee_79,62,80108,Developer,F
Employee_80,50,68467,Analyst,F
Employee_81,36,53328,Analyst,F
Employee_82,22,116831,Manager,F
Employee_83,46,33987,Developer,M
Employee_84,28,88871,Engineer,F
Employee_85,30,52399,Consultant,F
Employee_86,45,76214,Consultant,F
Employee_87,22,116416,Engineer,F
Employee_88,29,100271,Manager,F
Employee_89,45,74064,Consultant,F
Employee_90,32,100091,Developer,F
Employee_91,38,70818,Manager,F
Employee_92,29,75525,Developer,F
Employee_93,56,49830,Analyst,F
Employee_94,56,47429,Manager,F
Employee_95,54,36893,Consultant,M
Employee_96,26,109909,Manager,M
Employee_97,63,77333,Manager,F
Employee_98,60,33436,Manager,F
Employee_99,62,104290,Manager,M
Employee_100,49,106213,Developer,F
Employee_101,28,35895,Analyst,M
Employee_102,30,49738,Engineer,M
Employee_103,29,60746,Manager,M
Employee_104,33,79377,Consultant,M
Employee_105,55,78404,Manager,M
Employee_106,54,84045,Consultant,F
Employee_107,44,69790,Developer,M
Employee_108,45,35600,Consultant,F
Employee_109,58,70764,Engineer,F
Employee_110,56,104543,Analyst,M
Employee_111,61,75714,Consultant,M
Employee_112,43,86835,Consultant,F
Employee_113,48,103744,Analyst,M
Employee_114,56,86491,Engineer,M
Employee_115,22,48589,Manager,F
Employee_116,56,73484,Consultant,F
Employee_117,58,112989,Analyst,M
Employee_118,35,66212,Developer,F
Employee_119,24,73525,Analyst,M
Employee_120,22,77202,Developer,M
Employee_121,26,62635,Engineer,M
Employee_122,47,93208,Manager,F
Employee_123,35,63828,Analyst,F
Employee_124,60,48711,Consultant,F
Employee_125,48,33420,Engineer,F
Employee_126,30,30301,Analyst,F
Employee_127,36,75236,Consultant,M
Employee_128,36,96235,Analyst,M
Employee_129,47,84240,Developer,M
Employee_130,63,95726,Analyst,M
Employee_131,34,40492,Analyst,F
Employee_132,53,36102,Analyst,M
Employee_133,60,80336,Engineer,F
Employee_134,53,115314,Analyst,M
Employee_135,25,56641,Consultant,F
Employee_136,51,64584,Developer,F
Employee_137,58,62745,Developer,M
Employee_138,44,53093,Analyst,M
Employee_139,60,96105,Engineer,M
Employee_140,36,81885,Engineer,M
Employee_141,64,66631,Consultant,F
Employee_142,50,102991,Analyst,M
Employee_143,57,34014,Developer,M
Employee_144,34,41093,Engineer,F
Employee_145,53,48070,Analyst,M
Employee_146,28,65777,Engineer,M
Employee_147,43,86958,Engineer,M
Employee_148,49,112074,Developer,M
Employee_149,23,40729,Manager,M
Employee_150,63,75017,Consultant,F
Employee_151,27,96320,Consultant,M
Employee_152,49,57751,Developer,M
Employee_153,49,108069,Engineer,M
Employee_154,41,84748,Analyst,M
Employee_155,51,35801,Engineer,M
Employee_156,32,49190,Developer,F
Employee_157,49,79689,Consultant,M
Employee_158,46,80993,Engineer,F
Employee_159,60,59592,Consultant,F
Employee_160,54,40647,Analyst,M
Employee_161,22,38716,Consultant,M
Employee_162,48,118891,Consultant,M
Employee_163,34,117545,Manager,M
Employee_164,62,119912,Manager,F
Employee_165,24,100316,Manager,M
Employee_166,60,32368,Consultant,M
Employee_167,27,107575,Developer,M
Employee_168,29,36655,Consultant,M
Employee_169,48,100031,Developer,M
Employee_170,30,106429,Developer,M
Employee_171,58,117922,Manager,F
Employee_172,54,85766,Engineer,F
Employee_173,63,43403,Analyst,M
Employee_174,45,62097,Manager,M
Employee_175,36,108657,Manager,M
Employee_176,53,40966,Engineer,F
Employee_177,53,82921,Analyst,M
Employee_178,45,79726,Consultant,F
Employee_179,62,80300,Consultant,M
Employee_180,33,52677,Manager,M
Employee_181,60,85609,Analyst,M
Employee_182,23,86661,Manager,M
Employee_183,24,61024,Developer,F
Employee_184,58,100313,Manager,F
Employee_185,38,83006,Manager,M
Employee_186,23,45338,Consultant,M
Employee_187,23,98027,Consultant,F
Employee_188,49,110135,Consultant,F
Employee_189,44,49508,Developer,F
Employee_190,58,33051,Consultant,F
Employee_191,53,78747,Analyst,M
Employee_192,54,117142,Engineer,F
Employee_193,22,117235,Analyst,M
Employee_194,40,84021,Analyst,F
Employee_195,23,96412,Consultant,F
Employee_196,47,88335,Engineer,F
Employee_197,53,86179,Engineer,F
Employee_198,27,62093,Engineer,F
Employee_199,53,99678,Developer,M
Employee_200,25,110738,Consultant,M
